Workbook

Sheet Scenario Brief
A1: FinGuard AI - FraudShield Risk Assessment
A3: FinGuard AI - AI Risk Assessment Exercise
A5: COMPANY: FinGuard AI (400 employees)
A6: SYSTEM: FraudShield - GenAI-powered fraud detection for real-time transaction monitoring
A7: SCOPE: Retail banking customers across the EU
A8: FUNCTION: Monitors transaction patterns, flags suspicious activity, auto-blocks high-risk transactions
A10: RECENT INCIDENT:
A11: FraudShield has been disproportionately flagging transactions from customers in lower-income zip codes, causing legitimate transactions to be blocked. Additionally, fraudsters have begun using adversarial techniques to bypass the detection model.
A13: REGULATORY CONTEXT:
A14: - GDPR: Applies to all EU customer data processing
A15: - EU AI Act: fraud-detection is exempt from Annex III 5(b) High-Risk classification; FraudShield is governed as High-Risk internally because its outputs can feed credit-limit and account-eligibility decisions
A16: - PSD2 (Payment Services Directive): Requires fraud prevention; blocking must be justified
... A23: COLOR LEGEND:
A24: Blue Header | B24: Section headers
A25: Green | B25: Scenario information
A26: Light Blue | B26: Pre-filled context
A27: Light Pink | B27: Student work areas (with hints)
A28: Yellow | B28: Reference/rubric

Sheet Risk Register
A1: Risk ID | B1: NIST AI RMF Function | C1: Risk Category | D1: Risk Description | E1: Risk Owner | F1: Impact (1-5) | G1: Likelihood (1-5) | H1: Risk Score | I1: Risk Level | J1: Mitigation Strategy | K1: Priority | L1: Status | M1: Target Date
A2: R001 | B2: Measure | C2: Technical | D2: Model drift: FraudShield performance degrades as transaction patterns evolve and new payment methods emerge | E2: Data Science Lead | F2: 4 | G2: 4 | H2: =F2*G2 -> 16 | I2: =IF(H2>=15,"Critical",IF(H2>=10,"High",IF(H2>=5,"Medium","Low"))) -> Critical | J2: Implement monthly model performance monitoring with automated drift detection; retrain quarterly on updated transaction data | K2: Critical | L2: Open | M2: TBD
A3: R002 | B3: Govern | C3: Ethical | D3: Socioeconomic bias: FraudShield disproportionately flags transactions from customers in lower-income zip codes, blocking legitimate purchases | E3: Ethics Officer | F3: 5 | G3: 4 | H3: =F3*G3 -> 20 | I3: =IF(H3>=15,"Critical",IF(H3>=10,"High",IF(H3>=5,"Medium","Low"))) -> Critical | J3: Conduct fairness audit across income/demographic segments; implement bias-aware thresholds; remove zip code as direct feature; monitor disparity metrics monthly | K3: Critical | L3: Open | M3: TBD
A4: R003 | B4: Manage | C4: Technical | D4: Adversarial evasion: Fraudsters develop techniques to bypass FraudShield detection patterns, reducing system effectiveness | E4: ML Security Engineer | F4: 5 | G4: 3 | H4: =F4*G4 -> 15 | I4: =IF(H4>=15,"Critical",IF(H4>=10,"High",IF(H4>=5,"Medium","Low"))) -> Critical | J4: Implement adversarial robustness testing quarterly; deploy adversarial detection module; continuously update model with adversarial examples | K4: Critical | L4: Open | M4: TBD
A5: R004 | B5: Measure | C5: Technical | D5: Data pipeline failures: Missing or corrupted transaction feeds lead to incomplete fraud analysis | E5: Data Engineering Lead | F5: [Your response here — score 1-5 reflecting how severe this risk's worst-case outcome would be for FinGuard (financial loss, customer harm, regulatory penalty); see the Scoring Rubric sheet for what each level means.] | G5: [Your response here — score 1-5 estimating how likely this risk is to materialize within ~12 months given the scenario context; see the Scoring Rubric sheet for level definitions.] | H5: =IF(F5="","",F5*G5) -> #VALUE! | I5: =IF(F5="","",IF(H5>=15,"Critical",IF(H5>=10,"High",IF(H5>=5,"Medium","Low")))) -> #VALUE! | J5: [Your response here — name 2-3 specific controls that would reduce this risk's likelihood or impact (think monitoring, validation, governance, human-in-the-loop, redundancy); match them to the risk type.] | K5: [Your response here — assign Critical / High / Medium / Low based on the Risk Score band and business urgency; cross-check against the Scoring Rubric thresholds.] | L5: [Your response here — pick the current state of this mitigation: Open, In Progress, or Closed (most starter risks will be Open).] | M5: [Your response here — propose a realistic target completion date (e.g., "Q2 2026") or "TBD" if owner needs to scope first; align urgency with the Priority you assigned.]
A6: R005 | B6: Manage | C6: Technical | D6: False positive flood: FraudShield blocks legitimate transactions at high rates, degrading customer experience | E6: Product Manager | F6: [Your response here — score 1-5 reflecting how severe this risk's worst-case outcome would be for FinGuard (financial loss, customer harm, regulatory penalty); see the Scoring Rubric sheet for what each level means.] | G6: [Your response here — score 1-5 estimating how likely this risk is to materialize within ~12 months given the scenario context; see the Scoring Rubric sheet for level definitions.] | H6: =IF(F6="","",F6*G6) -> #VALUE! | I6: =IF(F6="","",IF(H6>=15,"Critical",IF(H6>=10,"High",IF(H6>=5,"Medium","Low")))) -> #VALUE! | J6: [Your response here — name 2-3 specific controls that would reduce this risk's likelihood or impact (think monitoring, validation, governance, human-in-the-loop, redundancy); match them to the risk type.] | K6: [Your response here — assign Critical / High / Medium / Low based on the Risk Score band and business urgency; cross-check against the Scoring Rubric thresholds.] | L6: [Your response here — pick the current state of this mitigation: Open, In Progress, or Closed (most starter risks will be Open).] | M6: [Your response here — propose a realistic target completion date (e.g., "Q2 2026") or "TBD" if owner needs to scope first; align urgency with the Priority you assigned.]
A7: R006 | B7: Govern | C7: Ethical | D7: Lack of explainability: Customers whose transactions are blocked receive no explanation of why | E7: Ethics Officer | F7: [Your response here — score 1-5 reflecting how severe this risk's worst-case outcome would be for FinGuard (financial loss, customer harm, regulatory penalty); see the Scoring Rubric sheet for what each level means.] | G7: [Your response here — score 1-5 estimating how likely this risk is to materialize within ~12 months given the scenario context; see the Scoring Rubric sheet for level definitions.] | H7: =IF(F7="","",F7*G7) -> #VALUE! | I7: =IF(F7="","",IF(H7>=15,"Critical",IF(H7>=10,"High",IF(H7>=5,"Medium","Low")))) -> #VALUE! | J7: [Your response here — name 2-3 specific controls that would reduce this risk's likelihood or impact (think monitoring, validation, governance, human-in-the-loop, redundancy); match them to the risk type.] | K7: [Your response here — assign Critical / High / Medium / Low based on the Risk Score band and business urgency; cross-check against the Scoring Rubric thresholds.] | L7: [Your response here — pick the current state of this mitigation: Open, In Progress, or Closed (most starter risks will be Open).] | M7: [Your response here — propose a realistic target completion date (e.g., "Q2 2026") or "TBD" if owner needs to scope first; align urgency with the Priority you assigned.]
A8: R007 | B8: Govern | C8: Legal | D8: GDPR automated decision violation with GenAI hallucination risk: Automated blocking of transactions without human review violates Article 22; LLM-generated fraud explanations may be fabricated, misleading analysts | E8: Legal Counsel | F8: [Your response here — score 1-5 reflecting how severe this risk's worst-case outcome would be for FinGuard (financial loss, customer harm, regulatory penalty); see the Scoring Rubric sheet for what each level means.] | G8: [Your response here — score 1-5 estimating how likely this risk is to materialize within ~12 months given the scenario context; see the Scoring Rubric sheet for level definitions.] | H8: =IF(F8="","",F8*G8) -> #VALUE! | I8: =IF(F8="","",IF(H8>=15,"Critical",IF(H8>=10,"High",IF(H8>=5,"Medium","Low")))) -> #VALUE! | J8: [Your response here — name 2-3 specific controls that would reduce this risk's likelihood or impact (think monitoring, validation, governance, human-in-the-loop, redundancy); match them to the risk type.] | K8: [Your response here — assign Critical / High / Medium / Low based on the Risk Score band and business urgency; cross-check against the Scoring Rubric thresholds.] | L8: [Your response here — pick the current state of this mitigation: Open, In Progress, or Closed (most starter risks will be Open).] | M8: [Your response here — propose a realistic target completion date (e.g., "Q2 2026") or "TBD" if owner needs to scope first; align urgency with the Priority you assigned.]
A9: R008 | B9: Map | C9: Legal | D9: Right to explanation: Customers not informed of factors in blocking decisions per GDPR Arts 13-14 | E9: Compliance Manager | F9: [Your response here — score 1-5 reflecting how severe this risk's worst-case outcome would be for FinGuard (financial loss, customer harm, regulatory penalty); see the Scoring Rubric sheet for what each level means.] | G9: [Your response here — score 1-5 estimating how likely this risk is to materialize within ~12 months given the scenario context; see the Scoring Rubric sheet for level definitions.] | H9: =IF(F9="","",F9*G9) -> #VALUE! | I9: =IF(F9="","",IF(H9>=15,"Critical",IF(H9>=10,"High",IF(H9>=5,"Medium","Low")))) -> #VALUE! | J9: [Your response here — name 2-3 specific controls that would reduce this risk's likelihood or impact (think monitoring, validation, governance, human-in-the-loop, redundancy); match them to the risk type.] | K9: [Your response here — assign Critical / High / Medium / Low based on the Risk Score band and business urgency; cross-check against the Scoring Rubric thresholds.] | L9: [Your response here — pick the current state of this mitigation: Open, In Progress, or Closed (most starter risks will be Open).] | M9: [Your response here — propose a realistic target completion date (e.g., "Q2 2026") or "TBD" if owner needs to scope first; align urgency with the Priority you assigned.]
A10: R009 | B10: Manage | C10: Operational | D10: System downtime: FraudShield unavailability during peak hours leaves transactions unmonitored | E10: Infrastructure Manager | F10: [Your response here — score 1-5 reflecting how severe this risk's worst-case outcome would be for FinGuard (financial loss, customer harm, regulatory penalty); see the Scoring Rubric sheet for what each level means.] | G10: [Your response here — score 1-5 estimating how likely this risk is to materialize within ~12 months given the scenario context; see the Scoring Rubric sheet for level definitions.] | H10: =IF(F10="","",F10*G10) -> #VALUE! | I10: =IF(F10="","",IF(H10>=15,"Critical",IF(H10>=10,"High",IF(H10>=5,"Medium","Low")))) -> #VALUE! | J10: [Your response here — name 2-3 specific controls that would reduce this risk's likelihood or impact (think monitoring, validation, governance, human-in-the-loop, redundancy); match them to the risk type.] | K10: [Your response here — assign Critical / High / Medium / Low based on the Risk Score band and business urgency; cross-check against the Scoring Rubric thresholds.] | L10: [Your response here — pick the current state of this mitigation: Open, In Progress, or Closed (most starter risks will be Open).] | M10: [Your response here — propose a realistic target completion date (e.g., "Q2 2026") or "TBD" if owner needs to scope first; align urgency with the Priority you assigned.]
A11: R010 | B11: Map | C11: Operational | D11: Staff training gaps: Analysts lack understanding of model limitations and bias risks | E11: Training Manager | F11: [Your response here — score 1-5 reflecting how severe this risk's worst-case outcome would be for FinGuard (financial loss, customer harm, regulatory penalty); see the Scoring Rubric sheet for what each level means.] | G11: [Your response here — score 1-5 estimating how likely this risk is to materialize within ~12 months given the scenario context; see the Scoring Rubric sheet for level definitions.] | H11: =IF(F11="","",F11*G11) -> #VALUE! | I11: =IF(F11="","",IF(H11>=15,"Critical",IF(H11>=10,"High",IF(H11>=5,"Medium","Low")))) -> #VALUE! | J11: [Your response here — name 2-3 specific controls that would reduce this risk's likelihood or impact (think monitoring, validation, governance, human-in-the-loop, redundancy); match them to the risk type.] | K11: [Your response here — assign Critical / High / Medium / Low based on the Risk Score band and business urgency; cross-check against the Scoring Rubric thresholds.] | L11: [Your response here — pick the current state of this mitigation: Open, In Progress, or Closed (most starter risks will be Open).] | M11: [Your response here — propose a realistic target completion date (e.g., "Q2 2026") or "TBD" if owner needs to scope first; align urgency with the Priority you assigned.]
A12: R011 | B12: Manage | C12: Operational | D12: Third-party vendor dependency: Reliance on external transaction data feeds with no backup | E12: Vendor Manager | F12: 2 | G12: 2 | H12: =IF(F12="","",F12*G12) -> 4 | I12: =IF(F12="","",IF(H12>=15,"Critical",IF(H12>=10,"High",IF(H12>=5,"Medium","Low")))) -> Low | J12: [Your response here — name 2-3 specific controls that would reduce this risk's likelihood or impact (think monitoring, validation, governance, human-in-the-loop, redundancy); match them to the risk type.] | K12: [Your response here — assign Critical / High / Medium / Low based on the Risk Score band and business urgency; cross-check against the Scoring Rubric thresholds.] | L12: [Your response here — pick the current state of this mitigation: Open, In Progress, or Closed (most starter risks will be Open).] | M12: [Your response here — propose a realistic target completion date (e.g., "Q2 2026") or "TBD" if owner needs to scope first; align urgency with the Priority you assigned.]
A13: R012 | B13: Measure | C13: Technical | D13: Concept drift with GenAI foundation model updates: New fraud patterns emerge that weren't in training data, reducing detection accuracy; foundation model updates may change FraudShield behavior unpredictably | E13: Data Science Lead | F13: [Your response here — score 1-5 reflecting how severe this risk's worst-case outcome would be for FinGuard (financial loss, customer harm, regulatory penalty); see the Scoring Rubric sheet for what each level means.] | G13: [Your response here — score 1-5 estimating how likely this risk is to materialize within ~12 months given the scenario context; see the Scoring Rubric sheet for level definitions.] | H13: =IF(F13="","",F13*G13) -> #VALUE! | I13: =IF(F13="","",IF(H13>=15,"Critical",IF(H13>=10,"High",IF(H13>=5,"Medium","Low")))) -> #VALUE! | J13: [Your response here — name 2-3 specific controls that would reduce this risk's likelihood or impact (think monitoring, validation, governance, human-in-the-loop, redundancy); match them to the risk type.] | K13: [Your response here — assign Critical / High / Medium / Low based on the Risk Score band and business urgency; cross-check against the Scoring Rubric thresholds.] | L13: [Your response here — pick the current state of this mitigation: Open, In Progress, or Closed (most starter risks will be Open).] | M13: [Your response here — propose a realistic target completion date (e.g., "Q2 2026") or "TBD" if owner needs to scope first; align urgency with the Priority you assigned.]
A14: R013 | B14: Map | C14: Ethical | D14: Unequal error rates: False positive rates differ significantly across demographic segments beyond income | E14: Analytics Lead | F14: [Your response here — score 1-5 reflecting how severe this risk's worst-case outcome would be for FinGuard (financial loss, customer harm, regulatory penalty); see the Scoring Rubric sheet for what each level means.] | G14: [Your response here — score 1-5 estimating how likely this risk is to materialize within ~12 months given the scenario context; see the Scoring Rubric sheet for level definitions.] | H14: =IF(F14="","",F14*G14) -> #VALUE! | I14: =IF(F14="","",IF(H14>=15,"Critical",IF(H14>=10,"High",IF(H14>=5,"Medium","Low")))) -> #VALUE! | J14: [Your response here — name 2-3 specific controls that would reduce this risk's likelihood or impact (think monitoring, validation, governance, human-in-the-loop, redundancy); match them to the risk type.] | K14: [Your response here — assign Critical / High / Medium / Low based on the Risk Score band and business urgency; cross-check against the Scoring Rubric thresholds.] | L14: [Your response here — pick the current state of this mitigation: Open, In Progress, or Closed (most starter risks will be Open).] | M14: [Your response here — propose a realistic target completion date (e.g., "Q2 2026") or "TBD" if owner needs to scope first; align urgency with the Priority you assigned.]
A15: R014 | B15: Govern | C15: Legal | D15: Data retention non-compliance: Transaction monitoring data stored beyond regulatory limits | E15: Data Protection Officer | F15: 2 | G15: 2 | H15: =IF(F15="","",F15*G15) -> 4 | I15: =IF(F15="","",IF(H15>=15,"Critical",IF(H15>=10,"High",IF(H15>=5,"Medium","Low")))) -> Low | J15: [Your response here — name 2-3 specific controls that would reduce this risk's likelihood or impact (think monitoring, validation, governance, human-in-the-loop, redundancy); match them to the risk type.] | K15: [Your response here — assign Critical / High / Medium / Low based on the Risk Score band and business urgency; cross-check against the Scoring Rubric thresholds.] | L15: [Your response here — pick the current state of this mitigation: Open, In Progress, or Closed (most starter risks will be Open).] | M15: [Your response here — propose a realistic target completion date (e.g., "Q2 2026") or "TBD" if owner needs to scope first; align urgency with the Priority you assigned.]
A16: R015 | B16: Measure | C16: Technical | D16: Model interpretability gap: Cannot audit how specific fraud decisions are made, hindering regulatory review | E16: Data Science Lead | F16: [Your response here — score 1-5 reflecting how severe this risk's worst-case outcome would be for FinGuard (financial loss, customer harm, regulatory penalty); see the Scoring Rubric sheet for what each level means.] | G16: [Your response here — score 1-5 estimating how likely this risk is to materialize within ~12 months given the scenario context; see the Scoring Rubric sheet for level definitions.] | H16: =IF(F16="","",F16*G16) -> #VALUE! | I16: =IF(F16="","",IF(H16>=15,"Critical",IF(H16>=10,"High",IF(H16>=5,"Medium","Low")))) -> #VALUE! | J16: [Your response here — name 2-3 specific controls that would reduce this risk's likelihood or impact (think monitoring, validation, governance, human-in-the-loop, redundancy); match them to the risk type.] | K16: [Your response here — assign Critical / High / Medium / Low based on the Risk Score band and business urgency; cross-check against the Scoring Rubric thresholds.] | L16: [Your response here — pick the current state of this mitigation: Open, In Progress, or Closed (most starter risks will be Open).] | M16: [Your response here — propose a realistic target completion date (e.g., "Q2 2026") or "TBD" if owner needs to scope first; align urgency with the Priority you assigned.]
A17: R016 | B17: Measure | C17: Technical | D17: GENAI-SPECIFIC: Hallucinated fraud explanations - System generates plausible but fabricated reasoning when flagging transactions, misleading analysts | E17: Data Science Lead | F17: [Your response here — score 1-5 reflecting how severe this risk's worst-case outcome would be for FinGuard (financial loss, customer harm, regulatory penalty); see the Scoring Rubric sheet for what each level means.] | G17: [Your response here — score 1-5 estimating how likely this risk is to materialize within ~12 months given the scenario context; see the Scoring Rubric sheet for level definitions.] | H17: =IF(F17="","",F17*G17) -> #VALUE! | I17: =IF(F17="","",IF(H17>=15,"Critical",IF(H17>=10,"High",IF(H17>=5,"Medium","Low")))) -> #VALUE! | J17: [Your response here — name 2-3 specific controls that would reduce this risk's likelihood or impact (think monitoring, validation, governance, human-in-the-loop, redundancy); match them to the risk type.] | K17: [Your response here — assign Critical / High / Medium / Low based on the Risk Score band and business urgency; cross-check against the Scoring Rubric thresholds.] | L17: [Your response here — pick the current state of this mitigation: Open, In Progress, or Closed (most starter risks will be Open).] | M17: [Your response here — propose a realistic target completion date (e.g., "Q2 2026") or "TBD" if owner needs to scope first; align urgency with the Priority you assigned.]
A18: R017 | B18: Manage | C18: Technical | D18: GENAI-SPECIFIC: Prompt injection vulnerabilities - Adversarial prompts manipulate fraud detection outputs, causing false positives or false negatives | E18: ML Security Engineer | F18: [Your response here — score 1-5 reflecting how severe this risk's worst-case outcome would be for FinGuard (financial loss, customer harm, regulatory penalty); see the Scoring Rubric sheet for what each level means.] | G18: [Your response here — score 1-5 estimating how likely this risk is to materialize within ~12 months given the scenario context; see the Scoring Rubric sheet for level definitions.] | H18: =IF(F18="","",F18*G18) -> #VALUE! | I18: =IF(F18="","",IF(H18>=15,"Critical",IF(H18>=10,"High",IF(H18>=5,"Medium","Low")))) -> #VALUE! | J18: [Your response here — name 2-3 specific controls that would reduce this risk's likelihood or impact (think monitoring, validation, governance, human-in-the-loop, redundancy); match them to the risk type.] | K18: [Your response here — assign Critical / High / Medium / Low based on the Risk Score band and business urgency; cross-check against the Scoring Rubric thresholds.] | L18: [Your response here — pick the current state of this mitigation: Open, In Progress, or Closed (most starter risks will be Open).] | M18: [Your response here — propose a realistic target completion date (e.g., "Q2 2026") or "TBD" if owner needs to scope first; align urgency with the Priority you assigned.]
A19: R018 | B19: Govern | C19: Technical | D19: GENAI-SPECIFIC: Training data poisoning - Contaminated training data causes systematic misclassifications in fraud detection model | E19: Data Science Lead | F19: [Your response here — score 1-5 reflecting how severe this risk's worst-case outcome would be for FinGuard (financial loss, customer harm, regulatory penalty); see the Scoring Rubric sheet for what each level means.] | G19: [Your response here — score 1-5 estimating how likely this risk is to materialize within ~12 months given the scenario context; see the Scoring Rubric sheet for level definitions.] | H19: =IF(F19="","",F19*G19) -> #VALUE! | I19: =IF(F19="","",IF(H19>=15,"Critical",IF(H19>=10,"High",IF(H19>=5,"Medium","Low")))) -> #VALUE! | J19: [Your response here — name 2-3 specific controls that would reduce this risk's likelihood or impact (think monitoring, validation, governance, human-in-the-loop, redundancy); match them to the risk type.] | K19: [Your response here — assign Critical / High / Medium / Low based on the Risk Score band and business urgency; cross-check against the Scoring Rubric thresholds.] | L19: [Your response here — pick the current state of this mitigation: Open, In Progress, or Closed (most starter risks will be Open).] | M19: [Your response here — propose a realistic target completion date (e.g., "Q2 2026") or "TBD" if owner needs to scope first; align urgency with the Priority you assigned.]

Sheet Scoring Rubric
A1: IMPACT SCALE (1-5)
A2: 1 | B2: Negligible - Minimal organizational or user impact
A3: 2 | B3: Minor - Limited impact; issue affects small subset of users
A4: 3 | B4: Moderate - Noticeable impact; affects significant subset; may require remediation
A5: 4 | B5: Major - Severe impact; affects large user population; regulatory concern
A6: 5 | B6: Catastrophic - System failure; massive user harm; regulatory violation; brand damage
A8: LIKELIHOOD SCALE (1-5)
A9: 1 | B9: Rare - Extremely unlikely to occur (<5% chance)
A10: 2 | B10: Unlikely - Low probability of occurrence (5-25%)
A11: 3 | B11: Possible - Moderate probability; could occur (25-50%)
A12: 4 | B12: Likely - High probability; probable within 12 months (50-75%)
A13: 5 | B13: Almost Certain - Very likely; expected to occur (>75%)
A15: RISK LEVEL MATRIX
A16: CRITICAL | B16: ≥15 - Immediate executive attention; escalate
A17: HIGH | B17: 10-14 - Prioritize mitigation within 30 days
A18: MEDIUM | B18: 5-9 - Plan mitigation; schedule within 90 days
A19: LOW | B19: 1-4 - Monitor; mitigate as resources allow

Sheet Executive Summary
A1: EXECUTIVE SUMMARY - FINGUARD AI RISK ASSESSMENT
A3: RISK OVERVIEW
A4: Total Risks Identified: | B4: =COUNTA('Risk Register'!A2:A16) -> 15
A5: Critical Risks: | B5: =COUNTIF('Risk Register'!I2:I16,"Critical") -> 3
A6: High Risks: | B6: =COUNTIF('Risk Register'!I2:I16,"High") -> 0
A7: Medium Risks: | B7: =COUNTIF('Risk Register'!I2:I16,"Medium") -> 0
A8: Low Risks: | B8: =COUNTIF('Risk Register'!I2:I16,"Low") -> 2
A10: RISKS BY CATEGORY
A11: Technical Risks: | B11: =COUNTIF('Risk Register'!C2:C16,"Technical") -> 6
A12: Ethical Risks: | B12: =COUNTIF('Risk Register'!C2:C16,"Ethical") -> 3
A13: Legal Risks: | B13: =COUNTIF('Risk Register'!C2:C16,"Legal") -> 3
A14: Operational Risks: | B14: =COUNTIF('Risk Register'!C2:C16,"Operational") -> 3
A16: RISKS BY NIST FUNCTION
A17: Govern Risks: | B17: =COUNTIF('Risk Register'!B2:B16,"Govern") -> 4
A18: Map Risks: | B18: =COUNTIF('Risk Register'!B2:B16,"Map") -> 3
A19: Measure Risks: | B19: =COUNTIF('Risk Register'!B2:B16,"Measure") -> 4
A20: Manage Risks: | B20: =COUNTIF('Risk Register'!B2:B16,"Manage") -> 4
A22: TOP 5 PRIORITY RISKS
A23: 1. [Your response here — Risk #1: list Risk ID, short name, Risk Level, and Impact x Likelihood for the highest-scored risk in your register.]
A24: 2. [Your response here — Risk #2: same format as above, next-highest scored risk; break ties by business impact.]
A25: 3. [Your response here — Risk #3: same format; consider both Critical risks and any High risks with strategic significance.]
A26: 4. [Your response here — Risk #4: same format; remember GenAI-specific and legal risks may rank here.]
A27: 5. [Your response here — Risk #5: same format; round out the top 5 with the next priority risk an executive should track.]
A29: KEY FINDINGS
A30: [Your response here — one sentence summarizing FinGuard's overall risk posture: which risk category (technical, ethical, legal, operational) dominates and why it matters to leadership?]
A31: [Your response here — call out patterns or clusters across NIST AI RMF functions or risk categories (e.g., concentration in Measure, multiple bias-related risks); reference the counts in B5:B20.]
A32: [Your response here — one sentence on legal/regulatory exposure for executives, naming the specific regimes at play (e.g., GDPR Article 22, EU AI Act high-risk obligations).]

Sheet NIST AI RMF Reference
A1: Function | B1: Description | C1: Key Activities
A2: Govern | B2: Organizational processes and structures for oversight and accountability | C2: Define AI governance policies, accountability frameworks, ethics guidelines, stakeholder engagement
A3: Map | B3: Systematic detection and analysis of AI risks throughout system lifecycle | C3: Risk identification, assessment, documentation, stakeholder communication, monitoring plans
A4: Measure | B4: Design and validation of measurements to address identified risks | C4: Performance monitoring, fairness metrics, bias testing, model validation, continuous evaluation
A5: Manage | B5: Implementation of plans and processes to mitigate risks | C5: Deploy controls, implement mitigations, incident response, continuous improvement
